baseline,mode,input_files,publish_rate_hz,max_age_s,median_error_m,p95_error_m,max_error_m,rms_error_m,bias_north_m,bias_east_m,bias_norm_m,path_length_m,jitter_median_m,jitter_p95_m,accepted_fix_count,rejected_fix_count,publish_count,sample_count
raw_fix_times,hover_mode,sift_validation_100m_hover.csv,,,0.2758212180777711,0.48698244774342836,0.8058579547164963,0.2946802369868595,-0.11736426130700178,-0.17861028957563846,0.21371945483374138,72.52065433035206,0.1403027997564995,0.4164661579344525,430.0,0.0,,429.0
raw_hold_last_publish_times,hover_mode,sift_validation_100m_hover.csv,10.0,0.5,0.2753460230387682,0.5050374441285762,0.8058513384458884,0.29608627168859303,-0.11980475066281623,-0.1774830456493533,0.21413409297528965,72.56069506976385,0.0,0.30048357038766793,430.0,0.0,1189.0,1188.0
