baseline,mode,input_files,publish_rate_hz,max_age_s,median_error_m,p95_error_m,max_error_m,rms_error_m,bias_north_m,bias_east_m,bias_norm_m,path_length_m,jitter_median_m,jitter_p95_m,accepted_fix_count,rejected_fix_count,publish_count,sample_count
raw_fix_times,hover_mode,sift_validation_100m_hover_v2.csv,,,0.20015635510858765,0.29734381650775155,0.6519302714397289,0.2079558151724215,0.07167685926095284,0.08736151392221823,0.11300268257123974,66.71463508451285,0.13144375863297,0.3707591103538709,426.0,0.0,,426.0
raw_hold_last_publish_times,hover_mode,sift_validation_100m_hover_v2.csv,10.0,0.5,0.2007031348409666,0.29665583838865495,0.6519441097404403,0.2077853704904209,0.07226619546307315,0.08721038429530378,0.11326100006463682,66.20599070325733,0.0,0.2667758514256161,426.0,0.0,1188.0,1188.0
